No.,Nama Jurnal,Singkatan Nama Jurnal,Link Jurnal,ISSN,E ISSN,Bidang,Bidang Ilmu,Sinta,Masa aktif Sinta,Scopus,Masa aktif Scopus,Penerbit,Kota Terbit
1,Jurnal Hilirisasi Technology kepada Masyarakat (SITECHMAS),SITECHMAS,https://jurnal.polines.ac.id/index.php/SITECHMAS,2775054X,27750558,Penelitian,Teknik,S5,2020-2025,Blm_scopus,,Politeknik Negeri Semarang,Semarang
2,Pedagogia: Jurnal Ilmiah Pendidikan Dasar Indonesia,PEDAGOGIA,https://jurnal.stkippgribl.ac.id/index.php/pedagogia,27156133,27156125,Penelitian,Pendidikan,S5,2019-2024,Blm_scopus,,STKIP PGRI Bandar Lampung,Lampung
3,JURNAL ILMIAH EDUKATIF,EDUKATIF,http://journal.iaisambas.ac.id/index.php/edukatif,24423858,27454681,Penelitian,Sosial & Politik,S5,2019-2024,Blm_scopus,,Institut Agama Islam Sultan Muhammad Syafiuddin Sambas,Pontianak
4,Journal of Elementary School (JOES)Journal of Elementary School (JOES),JOES,https://journal.ipm2kpe.or.id/index.php/JOES,26207338,26151448,Penelitian,Semua Ilmu,S5,2018-2023,Blm_scopus,,"Institut Penelitian Matematika, Komputer, Keperawatan, Pendidikan dan Ekonomi",Lubuk linggau
5,Jurnal Pelayanan dan Pengabdian Masyarakat (Pamas),PAMAS,http://ejournal.urindo.ac.id/index.php/PAMAS,2685-5968,2685-6301,Pengabdian,Sosial & Politik,S5,2018 - 2025,blm_scopus,-,Universitas Respati Indonesia,"Palu, Sulawesi Tengah"
6,Society : Jurnal Jurusan Tadris IPS,SOCIETY,https://journal.uinmataram.ac.id/index.php/society,2087-0493,2715-5994,Penelitian,Pendidikan,S5,2022 - 2087,blm_scopus,-,Universitas Islam Negeri Mataram,"Pekanbaru, Riau"
7,PRODUKTIF: Jurnal Kepegawaian dan Organisasi,PRODUKTIF,https://jurnalpustek.org/index.php/sdmo,-,2964-4321,Penelitian,Manajemen,S5,2022 - 2026,blm_scopus,-,Sekolah Menengah Kejuruan Pustek Serpong,"Bogor, Jawa Barat"
8,Midwifery and Nursing Research (MANR),MANR,http://ejournal.poltekkes-smg.ac.id/ojs/index.php/MANR,2685-2020,2685-2012,Penelitian,Keperawatan,S5,2012 - 2026,blm_scopus,-,Poltekkes Kemenkes Semarang,"Tegal, Jawa Tengah"
9,Pharmacology And Pharmacy Scientific Journals (PAPS Journals),PAPS,https://journal.intelekmadani.org/index.php/papsjournals,-,2830-7070,Penelitian,Farmasi,S5,2022 - 2026,blm_scopus,-,Unit Publikasi Ilmiah Perkumpulan Intelektual Madani Indonesia,"Palembang, Sumatera Selatan"
10,"Journal of Medical Science; Jurnal Ilmu Medis Rumah Sakit Umum Daerah dr. Zainoel Abidin, Banda Aceh",JMS,https://rsudza.acehprov.go.id/publikasi/index.php/JMS,-,2721-7884,Penelitian,Kedokteran,S5,2021 - 2026,blm_scopus,-,-,"Blitar, Jawa Timur"
11,Journal of Sustainable Civil Engineering (JOSCE),JOSCE,http://ejournal.lppm-unbaja.ac.id/index.php/josce,-,2656-2766,Penelitian,Sipil,S5,2019 - 2025,blm_scopus,-,Journal Of Sustainable Civil Engineering (josce),"Cirebon, Jawa Barat"
12,PRIMA : Portal Riset dan Inovasi Pengabdian Masyarakat,PRIMA,http://ojs.transpublika.com/index.php/PRIMA,2809-8218,2809-7939,Pengabdian,Sosial & Politik,S5,2022 - 2027,blm_scopus,-,Pendampingan dan Pelatihan Pengembangan Potensi Diri,"Kediri, Jawa Timur"
13,Jurnal Progress Administrasi Publik (JPAP),JPAP,http://jurnal.utb.ac.id/index.php/jpap,2776-8511,2777-0206,Penelitian,Pemerintah,S5,2021 - 2069,blm_scopus,-,Universitas Tulang Bawang Lampung,"Bandung, Jawa Barat"
14,Jurnal Ilmiah Administrasita,ADMINISTRASITA,https://jurnal-umsi.ac.id/index.php/administrasita,2301-7058,2798-1843,Penelitian,Akuntansi,S5,2019 - 2025,blm_scopus,-,Universitas Muhammadiyah Sinjai,"Manado, Sulawesi Utara"
15,Jurnal Ilmiah Ekonomi Manajemen : Jurnal Ilmiah Multi Science,JIEM,https://ejournal.umpri.ac.id/index.php/JIEM,2087-0434,2599-0810,Penelitian,Ekonomi,S5,2022 - 2087,blm_scopus,-,Universitas Muhammadiyah Pringsewu,"Pontianak, Kalimantan Barat"
16,Al-Khidmah Jurnal Pengabdian Masyarakat,AL-KHIDMAH,http://ejurnal.uij.ac.id/index.php/JAK/issue/archive,2808-6996,2808-7011,Pengabdian,Islam,S5,2021 - 2026,blm_scopus,-,Universitas Islam Jember,"Blitar, Jawa Timur"
17,International Journal of Health Science (IJHS),IJHS,https://ejurnal.politeknikpratama.ac.id/index.php/ijhs,2827-959X,2827-9603,Penelitian,Kesehatan,S5,2020 - 2027,blm_scopus,-,Politeknik Pratama Purwokerto,"Kudus, Jawa Tengah"
18,Community Research Of Epidemiology (CORE),CORE,http://journal.uin-alauddin.ac.id/index.php/corejournal,2774-9703,2774-969X,Penelitian,Kesehatan,S5,2020 - 2025,blm_scopus,-,Universitas Islam Negeri Alauddin Makassar,"Bandung, Jawa Barat"
19,Pakem : Jurnal Pengabdian Kepada Masyarakat,PAKEM,https://ojs3.unpatti.ac.id/index.php/pakem,2808-1463,2808-8891,Pengabdian,Sosial & Politik,S5,2021 - 2025,blm_scopus,-,Universitas Pattimura,"Pekalongan, Jawa Tengah"
20,Student Journal of Early Childhood Education,SJECE,https://ejournal-fip-ung.ac.id/ojs/index.php/SJECE,-,2809-9168,Penelitian,Pendidikan,S5,2022 - 2055,blm_scopus,-,Universitas Negeri Gorontalo,"Semarang, Jawa Tengah"
21,Pengmasku,PENGMASKU,https://jurnalku.org/index.php/pengmasku,-,2809-2368,Penelitian,Sosial & Politik,S5,2022 - 2026,blm_scopus,-,-,"Jember, Jawa Timur"
22,"Journal Albion Journal of English Literature, Language, and Culture",ALBION,https://journal.unpak.ac.id/index.php/albion,-,2657-0696,Penelitian,Sastra Inggris,S5,2009 - 2025,blm_scopus,-,Universitas Pakuan,"Madiun, Jawa Timur"
23,Jurnal Nasional Komputasi dan Teknologi Informasi,JNKT,http://ojs.serambimekkah.ac.id/jnkti/index,2620-8342,2621-3052,Penelitian,Informatika Komputer,S5,2021 - 2083,blm_scopus,-,Universitas Serambi Mekkah Aceh,"Kupang, Nusa Tenggara Timur"
24,"MANGGUREBE: Journal Physyical Education, Health and Recreation",MANGGUREBE,https://ojs3.unpatti.ac.id/index.php/pehr,-,2775-9733,Penelitian,Keolahragaan,S5,2022 - 2026,blm_scopus,-,Universitas Pattimura,"Jember, Jawa Timur"
25,Penamas: Journal of Community Service,PENAMAS,https://journal.nurscienceinstitute.id/index.php/penamas,-,2807-3150,Penelitian,Sosial & Politik,S5,2012 - 2041,blm_scopus,-,Nur Science Institute,"Tangerang, Banten"
26,Journal of Nutrition Science,JNS,http://jurnal.utu.ac.id/JNS,2723-2867,2723-2867,Penelitian,Gizi,S5,2020 - 2028,blm_scopus,-,Universitas Teuku Umar,"Depok, Jawa Barat"
27,"EJI (English Journal of Indragiri) : Studies in Education, Literature, and Linguistics",EJI,https://ejournal-fkip.unisi.ac.id/eji,2549-2144,2598-5140,Penelitian,Sastra Inggris,S5,2016 - 2043,blm_scopus,-,Universitas Islam Indragiri,"Lampung, Lampung"
28,Jurnal Informasi dan Komputer,JIK,https://dcckotabumi.ac.id/ojs/index.php/jik/index,2337-8344,2623-1247,Penelitian,Teknologi Informasi,S5,2018 - 2026,blm_scopus,-,STMIK Dian Cipta Cendikia Kotabumi,"Banjarmasin, Kalimantan Selatan"
29,Balance : Jurnal Akuntansi dan Manajemen,BALANCE,https://jurnal.risetilmiah.ac.id/index.php/jam,2829-2138,2829-2138,Penelitian,Akuntansi,S5,2022 - 2026,blm_scopus,-,Lembaga Riset Ilmiah,"Bogor, Jawa Barat"
30,Jurnal Bastra (Bahasa dan Sastra),BASTRA,https://bastra.uho.ac.id/index.php/journal,-,2503-3875,Penelitian,Sastra Indonesia,S5,2018 - 2027,blm_scopus,-,Universitas Halu Oleo,"Blitar, Jawa Timur"
31,Borneo Journal of English Language Education,BJEE,http://jurnal.borneo.ac.id/index.php/jele/index,-,2685-810X,Penelitian,Sastra Inggris,S5,2022 - 2026,blm_scopus,-,Universitas Borneo Tarakan,"Kudus, Jawa Tengah"
32,Math Educa Journal,MEJ,https://ejournal.uinib.ac.id/jurnal/index.php/matheduca/index,2580-6726,2598-2133,Penelitian,Matematika,S5,2018 - 2025,blm_scopus,-,Program Studi Tadris Matematika Fakultas Tarbiyah dan Keguruan Universitas Islam Negeri Imam Bonjol Padang,"Mataram, Nusa Tenggara Barat"
33,Uktub: Journal of Arabic Studies,UKTUB,https://jurnal.uinbanten.ac.id/index.php/uktub,2807-3738,2807-341X,Penelitian,Sastra Arab,S5,2021 - 2025,blm_scopus,-,Universitas Islam Negeri Sultan Maulana Hasanuddin Banten,"Samarinda, Kalimantan Timur"
34,"International Journal of Health, Economics, and Social Sciences (IJHESS)",IJHESS,http://jurnal.unismuhpalu.ac.id/index.php/IJHESS,-,2685-6689,Penelitian,Kesehatan,S5,2020 - 2025,blm_scopus,-,Universitas Muhammadiyah Palu,"Banjarmasin, Kalimantan Selatan"
35,Sadar Wisata: Jurnal Pariwisata,SADAR WISATA,http://ejurnal.unmuhjember.ac.id/index.php/wisata/index,1858-0114,2657-0645,Penelitian,Pariwisata,S5,2020 - 2028,blm_scopus,-,Universitas Muhammadiyah Jember,"Tasikmalaya, Jawa Barat"
36,Journal of Community Engagement,JCE,https://ejournal.insud.ac.id/index.php/keris,2776-4923,2798-3625,Penelitian,Sosial & Politik,S5,2021 - 2025,blm_scopus,-,Institut Pesantren Sunan Drajat Lamongan,"Blitar, Jawa Timur"
37,"International Journal of Informatics, Economics, Management and Science",IJIEMS,http://journal.stmikjayakarta.ac.id/index.php/ijiems,2809-9281,2809-8471,Penelitian,Informatika Komputer,S5,2007 - 2051,blm_scopus,-,Sekolah Tinggi Manajemen Informatika dan Komputer Jayakarta,"Malang, Jawa Timur"
38,PAEDAGOGY : Jurnal Ilmu Pendidikan dan Psikologi,PAEDAGOGY,https://www.jurnalp4i.com/index.php/paedagogy,2797-3336,2797-3344,Penelitian,Pendidikan,S5,2021 - 2025,blm_scopus,-,Peran Dukungan Keluarga pada Mahasiswa Yang Sedang Menyusun Skripsi : Pemicu Resiliensi Akademik,"Makassar, Sulawesi Selatan"
39,BULETIN UTAMA TEKNIK,BUT,https://jurnal.uisu.ac.id/index.php/but,1410-4520,2598-3814,Penelitian,Teknik,S5,2019 - 2026,blm_scopus,-,Universitas Islam Sumatera Utara,"Padang, Sumatera Barat"
40,Kertha Widya : Jurnal Hukum,KERTHA WIDYA,https://ejournal.unipas.ac.id/index.php/KW,2407-2427,2962-8431,Penelitian,Hukum,S5,2019 - 2025,blm_scopus,-,Universitas Panji Sakti,"Salatiga, Jawa Tengah"
41,Jurnal Paradigma,PARADIGMA,http://ejournal.staimmgt.ac.id/index.php/paradigma,2406-9787,2723-3480,Penelitian,Sosial & Politik,S5,2022 - 2026,blm_scopus,-,STAI Ma'arif Magetan,"Tegal, Jawa Tengah"
42,"Masyrif : Jurnal Ekonomi, Bisnis dan Manajemen",MASYRIF,https://ejournal.idia.ac.id/index.php/masyrif,-,2775-2747,Penelitian,Bisnis,S5,2021 - 2025,blm_scopus,-,Fakultas Ekonomi dan Bisnis Islam Institut Dirosat Islamiyah Al-amien Prenduan Sumenep,"Padang, Sumatera Barat"
43,Jurnal Intervensi Sosial dan Pembangunan (JISP),JISP,http://jurnal.umsu.ac.id/index.php/JISP,-,2721-4311,Penelitian,Sosial & Politik,S5,2020 - 2070,blm_scopus,-,Universitas Muhammadiyah Sumatera Utara,"Semarang, Jawa Tengah"
44,Jurnal Kesehatan Ilmiah Indonesia / Indonesian Health Scientific Journal,JKII,https://jurnal.unar.ac.id/index.php/health,2503-0981,2623-2499,Penelitian,Kesehatan,S5,2020 - 2025,blm_scopus,-,Universitas Aufa Royhan di Kota Padangsidimpuan,"Jember, Jawa Timur"
45,ARZUSIN: Jurnal Manajemen dan Pendidikan Dasar,ARZUSIN,https://ejournal.yasin-alsys.org/index.php/arzusin,2809-4484,2809-4093,Penelitian,Pendidikan,S5,2019 - 2027,blm_scopus,-,Lembaga Yasin Alsys,"Samarinda, Kalimantan Timur"
46,Eureka Herba Indonesia,EHI,https://eurekabiomedical.com/index.php/EHI,-,2746-5152,Penelitian,Farmasi,S5,2020 - 2029,blm_scopus,-,-,"Jember, Jawa Timur"
47,EDUCTUM: Journal Research,EDUCTUM,https://jurnal.larisma.or.id/index.php/EJR,-,2963-4385,Penelitian,Pendidikan,S5,2022 - 2026,blm_scopus,-,Lembaga Riset Mutiara Akbar,"Cirebon, Jawa Barat"
48,SWARA - Jurnal Antologi Pendidikan Musik,SWARA,https://ejournal.upi.edu/index.php/antomusik,2807-2677,2807-2502,Penelitian,Seni,S5,2022 - 2026,blm_scopus,-,Universitas Pendidikan Indonesia,"Semarang, Jawa Tengah"
49,Jurnal Ilmiah Multimedia & Komunikasi,JIMKOM,http://ojs.mmtc.ac.id/index.php/jimk,2541-2086,2776-0006,Penelitian,Komunikasi,S5,2021 - 2086,blm_scopus,-,"Sekolah Tinggi Multi Media ""mmtc"" Yogyakarta","Bandung, Jawa Barat"
50,Jurnal Statistika Industri dan Komputasi,JSIK,https://ejournal.akprind.ac.id/index.php/STATISTIKA,-,2527-9378,Penelitian,Matematika,S5,2021 - 2027,blm_scopus,-,Program Studi Statistika Universitas Akprind Indonesia,"Palu, Sulawesi Tengah"
51,SELONDING,SELONDING,https://journal.isi.ac.id/index.php/selonding/index,1412-1514,2685-9327,Penelitian,Seni,S5,2020 - 2024,blm_scopus,-,Institut Seni Indonesia Yogyakarta,"Jambi, Jambi"
52,Manager : Jurnal Ilmu Manajemen,MANAGER,http://ejournal.uika-bogor.ac.id/index.php/Manager,2654-8623,2655-0008,Penelitian,Manajemen,S5,2019 - 2024,blm_scopus,-,Universitas Ibn Khaldun Bogor,"Jambi, Jambi"
53,Jurnal Sosial dan Sains,JSS,https://sosains.greenvest.co.id/index.php/sosains,2774-7018,2774-700X,Penelitian,Sosial & Politik,S5,2021 - 2025,blm_scopus,-,Economic And Institutional Determinants Of Export Growth In Asean: Evidence From A Regional And Bilateral Perspective,"Tegal, Jawa Tengah"
54,AR-RAZI Jurnal Ilmiah,AR-RAZI,http://openjurnal.unmuhpnk.ac.id/index.php/ar-r,2302-7843,2503-4448,Penelitian,Islam,S5,2021 - 2025,blm_scopus,-,Universitas Muhammadiyah Pontianak,"Malang, Jawa Timur"
55,JPMTT (Jurnal Pengabdian Masyarakat Teknologi Terbarukan),JPMTT,https://jurnal.ikhafi.or.id/index.php/jpmtt,2797-3158,2776-2858,Pengabdian,Teknologi Informasi,S5,2022 - 2026,blm_scopus,-,-,"Yogyakarta, DI Yogyakarta"
56,FAWAID: Sharia Economic Law Review,FAWAID,https://ejournal.iainkendari.ac.id/index.php/fawaid,2828-4593,2828-576X,Penelitian,Hukum,S5,2021 - 2026,blm_scopus,-,Institut Agama Islam Negeri Kendari,"Tegal, Jawa Tengah"
57,Jurnal Manajemen dan Kearifan Lokal Indonesia,JMKI,https://journal.apmai.org/v2/index.php/jmkli/issue/archive,2579-5791,2550-0856,Penelitian,Manajemen,S5,2022 - 2026,blm_scopus,-,-,"Padang, Sumatera Barat"
58,Al-Fikri: Jurnal Studi dan Penelitian Pendidikan Islam,AL-FIKRI,http://jurnal.unissula.ac.id/index.php/fikri,2614-3925,2614-3941,Penelitian,Islam,S5,2021 - 2025,blm_scopus,-,Universitas Islam Sultan Agung,"Surabaya, Jawa Timur"
59,KATALIS: Jurnal Penelitian Kimia dan Pendidikan Kimia,KATALIS,https://ejurnalunsam.id/index.php/katalis,2721-902X,2721-9038,Penelitian,Kimia,S5,2000 - 2027,blm_scopus,-,Universitas Samudra,"Sidoarjo, Jawa Timur"
60,QUANTUM: Jurnal Pembelajaran IPA dan Aplikasinya,QUANTUM,https://jurnalstkipmelawi.ac.id/index.php/QJIPI,-,2798-9194,Penelitian,Teknologi Informasi,S5,2022 - 2027,blm_scopus,-,Sekolah Tinggi Keguruan dan Ilmu Pendidikan Melawi,"Pekalongan, Jawa Tengah"
61,JSI : Jurnal Sejarah Islam,JSI,https://ejournal.uinsaizu.ac.id/index.php/jsij,2962-3731,2962-2484,Penelitian,Sejarah,S5,2022 - 2026,blm_scopus,-,Universitas Islam Negeri Profesor Kiai Haji Saifuddin Zuhri Purwokerto,"Sidoarjo, Jawa Timur"
62,Jurnal Riset Jakarta,JRJ,http://jurnal.drdjakarta.id/index.php/jurnalDRD,2337-4381,2716-4659,Penelitian,Ekonomi,S5,2019 - 2045,blm_scopus,-,-,"Yogyakarta, DI Yogyakarta"
63,Jurnal Abdimas Bina Bangsa,JABB,http://jabb.lppmbinabangsa.id/index.php/jabb,2722-936X,2722-9394,Penelitian,Sosial & Politik,S5,2020 - 2028,blm_scopus,-,Universitas Bina Bangsa,"Sidoarjo, Jawa Timur"
64,Jurnal Proteksi Tanaman Tropika,JPTT,http://jtam.ulm.ac.id/index.php/jpt,-,2685-8193,Penelitian,Pertanian,S5,2021 - 2052,blm_scopus,-,Universitas Lambung Mangkurat,"Jember, Jawa Timur"
65,Professional : Jurnal Komunikasi dan Administrasi Publik,PROFESSIONAL,https://jurnal.unived.ac.id/index.php/prof,2407-2087,2722-371X,Penelitian,Komunikasi,S5,2019 - 2087,blm_scopus,-,Universitas Dehasen Bengkulu,"Malang, Jawa Timur"
66,KARIWARI SMART: Journal of Education Based on Local Wisdom,KARIWARI,http://e-journal.iainfmpapua.ac.id/index.php/kariwarismart,2808-6937,2798-4249,Penelitian,Pendidikan,S5,2021 - 2026,blm_scopus,-,Institut Agama Islam Negeri Fattahul Muluk Papua,"Magelang, Jawa Tengah"
67,Jurnal Antara Abdimas Keperawatan,JAAK,https://ojs.abdinusantara.ac.id/index.php/abdimaskep,2798-3226,2798-2548,Penelitian,Keperawatan,S5,2021 - 2025,blm_scopus,-,Sekolah Tinggi Ilmu Kesehatan Abdi Nusantara,"Bandung, Jawa Barat"
68,Well Being,WELL BEING,http://journal.stikes-bu.ac.id/index.php/wb,2477-2704,2615-7519,Penelitian,Psikologi,S5,2020 - 2025,blm_scopus,-,Sekolah Tinggi Ilmu Kesehatan Bahrul Ulum Jombang,"Mataram, Nusa Tenggara Barat"
69,Jurnal Besurek Jidan,JBJ,https://ojs.poltekkesbengkulu.ac.id/index.php/besurek,-,2808-912X,Penelitian,Sosial Budaya,S5,2021 - 2027,blm_scopus,-,Politeknik Kesehatan Kemenkes Bengkulu,"Surabaya, Jawa Timur"
70,Jurnal Abdimas Le Mujtamak,JALM,https://ojs.uid.ac.id/index.php/jal,-,2797-7765,Penelitian,Sosial & Politik,S5,2021 - 2025,blm_scopus,-,Universitas Islam Jakarta,"Jambi, Jambi"
71,Arthaniti Studies,ARTHANITI,https://ojs.mahadewa.ac.id/index.php/arthaniti,2775-4081,2774-2415,Penelitian,Ekonomi,S5,2022 - 2026,blm_scopus,-,Universitas Pgri Mahadewa Indonesia,"Kediri, Jawa Timur"
72,Eksponensial,EKSPONENSIAL,http://jurnal.fmipa.unmul.ac.id/index.php/exponensial,2085-7829,2798-3455,Penelitian,Matematika,S5,2021 - 2085,blm_scopus,-,Universitas Mulawarman,"Palembang, Sumatera Selatan"
73,JKP (Jurnal Kajian Pemerintah: Journal of Government Social and Politics),JKP,https://journal.uir.ac.id/index.php/JKP,2442-7292,2721-9232,Penelitian,Pemerintah,S5,2019 - 2097,blm_scopus,-,Universitas Islam Riau,"Magelang, Jawa Tengah"
74,Marine Kreatif,MARINE,http://jurnal.utu.ac.id/mkreatif/index,2581-2238,2745-6900,Penelitian,Sosial Budaya,S5,2018 - 2026,blm_scopus,-,Universitas Teuku Umar,"Semarang, Jawa Tengah"
75,khatulistiwa,KHATULISTIWA,http://jurnaliainpontianak.or.id/index.php/khatulistiwa/index,1412-5781,2502-8499,Penelitian,Sosial Budaya,S5,-,blm_scopus,-,Institute Of Research And Community Service (lp2m) Of IAIN Pontianak,"Makassar, Sulawesi Selatan"
76,Jurnal Ilmiah FIFO,FIFO,http://publikasi.mercubuana.ac.id/index.php/fifo,2085-4315,2502-8332,Penelitian,Manajemen,S5,2018 - 2085,blm_scopus,-,Fakultas Ilmu Komputer Universitas Mercu Buana Jakarta,"Bandung, Jawa Barat"
77,Jurnal Sosiologi Kontemporer,JSKON,https://journal.unibos.ac.id/jsk,2808-8859,2808-8840,Penelitian,Sosial & Politik,S5,2022 - 2026,blm_scopus,-,Universitas Bosowa,"Palu, Sulawesi Tengah"
78,An-Nizom: Jurnal Penelitian Manajemen Pendidikan Islam,AN-NIZOM,https://ejournal.iainbengkulu.ac.id/index.php/annizom,2528-2344,2685-6417,Penelitian,Islam,S5,2018 - 2022,blm_scopus,-,Pascasarjana IAIN Bengkulu,"Jember, Jawa Timur"
79,Ulumul Syar'i,ULUMUL SYAR’I,http://e-journal.stishid.ac.id/index.php/uls,2086-0498,2622-4674,Penelitian,Hukum,S5,2017 - 2086,blm_scopus,-,Analisis Putusan Mahkamah Konstitusi,"Palembang, Sumatera Selatan"
80,Abimanyu: Journal of Community Engagement,ABIMANYU,https://journal.unesa.ac.id/index.php/abimanyu,2721-4095,2721-4095,Penelitian,Sosial & Politik,S5,2020 - 2045,blm_scopus,-,Universitas Negeri Surabaya,"Palembang, Sumatera Selatan"
81,EAJ (ECONOMICS AND ACCOUNTING JOURNAL),EAJ,http://openjournal.unpam.ac.id/index.php/EAJ,-,2615-7888,Penelitian,Akuntansi,S5,2018 - 2024,blm_scopus,-,Universitas Pamulang,"Madiun, Jawa Timur"
82,Jurnal Agroteknologi,JAGRO,https://jurnal.umnu.ac.id/index.php/agronu,-,2827-9778,Penelitian,Pertanian,S5,2022 - 2027,blm_scopus,-,Universitas Maarif Nahdlatul Ulama Kebumen,"Solo, Jawa Tengah"
83,Jurnal Ilmiah Pengabdian Kepada Masyarakat,JIPKM,http://jipam.stai-dq.org/index.php/home,2828-0563,2828-0431,Pengabdian,Sosial & Politik,S5,2021 - 2025,blm_scopus,-,Sekolah Tinggi Agama Islam Darul Qalam Tangerang,"Depok, Jawa Barat"
84,Yavana Bhasha : Journal of English Language Education,YAVANA,http://ojs.uhnsugriwa.ac.id/index.php/YB/index,2620-4983,2685-7545,Penelitian,Sastra Inggris,S5,2018 - 2049,blm_scopus,-,Universitas Hindu Negeri I Gusti Bagus Sugriwa Denpasar,"Malang, Jawa Timur"
85,Sambulugana,SAMBULUGANA,https://jurnal.unismuhpalu.ac.id/index.php/sg,-,2827-7627,Penelitian,Sosial Budaya,S5,2022 - 2026,blm_scopus,-,Universitas Muhammadiyah Palu,"Bekasi, Jawa Barat"
86,Jurnal Aksioma Ad Diniyah : The Indonesian Journal of Islamic Studies,AAD,https://ejurnal.latansamashiro.ac.id/index.php/JAD,2337-6104,2721-3579,Penelitian,Islam,S5,2021 - 2025,blm_scopus,-,Sekolah Tinggi Agama Islam La Tansa Mashiro,"Kupang, Nusa Tenggara Timur"
87,Jurnal Indonesia : Manajemen Informatika dan Komunikasi,JIMIK,http://journal.amikindonesia.ac.id/index.php/jimik,-,2723-7079,Penelitian,Informatika Komputer,S5,2020 - 2029,blm_scopus,-,Akademi Manajemen Informasi dan Komputer Indonesia,"Solo, Jawa Tengah"
88,Jurnal Al-Fikrah,AL-FIKRAH,https://ejournal.iaialaziziyah.ac.id/index.php/jiaf,2085-8523,2746-2714,Penelitian,Islam,S5,2020 - 2085,blm_scopus,-,Institut Agama Islam Al-aziziyah,"Medan, Sumatera Utara"
89,Journal of Community Engagement in Health,JCEH,https://jceh.org/index.php/JCEH,2620-3758,2620-3766,Penelitian,Kesehatan,S5,2018 - 2037,blm_scopus,-,Institut Ilmu Kesehatan Strada Indonesia,"Kudus, Jawa Tengah"
90,Jurnal Pendidikan Amartha,JPA,https://rayyanjurnal.com/index.php/jpa,2964-7916,2964-1675,Penelitian,Pendidikan,S5,2022 - 2026,blm_scopus,-,-,"Tangerang, Banten"
91,Jurnal Penelitian Bidang Inovasi & Pengelolaan Industri (Invantri),INVANTRI,http://ejournal.unhasy.ac.id/index.php/invantri,-,2808-6740,Penelitian,Industri,S5,2022 - 2026,blm_scopus,-,Universitas Hasyim Asyari,"Samarinda, Kalimantan Timur"
92,Jurnal Ilmiah Pembelajaran Sekolah Dasar,JIPSD,http://ojs.uho.ac.id/index.php/jipsd/index,-,2656-0402,Penelitian,Pendidikan,S5,2013 - 2022,blm_scopus,-,"Jurusan Pendidikan Guru Sekolah Dasar, Universitas Halu Oleo","Bandung, Jawa Barat"
93,Jurnal Pengabdian kepada Masyarakat Desa (JPMD),JPMD,https://ejournal.iaifa.ac.id/index.php/JPMD,2745-5947,2745-5947,Pengabdian,Sosial & Politik,S5,2021 - 2026,blm_scopus,-,Institut Agama Islam Faqih Asyari Kediri,"Magelang, Jawa Tengah"
94,Shihatuna : Jurnal Pengabdian Kesehatan Masyarakat,SHIHATUNA,http://jurnal.uinsu.ac.id/index.php/shihatuna,-,2808-1188,Pengabdian,Kesehatan,S5,2022 - 2027,blm_scopus,-,Fakultas Kesehatan Masyarakat Universitas Islam Negeri Sumatera Utara,"Denpasar, Bali"
95,Jurnal Ilmiah Psyche,PSYCHE,http://journal.binadarma.ac.id/index.php/jurnalpsyche/issue/view/94,0216-3985,2655-8505,Penelitian,Psikologi,S5,2019 - 2025,blm_scopus,-,Universitas Bina Darma,"Kediri, Jawa Timur"
96,"Journal Software, Hardware and Information Technology",JSHIT,http://shift.sin.fst.uin-alauddin.ac.id/index.php/shift,2808-3385,2776-8961,Penelitian,Informatika Komputer,S5,2022 - 2027,blm_scopus,-,Universitas Islam Negeri Alauddin Makassar,"Kediri, Jawa Timur"
97,MIMBAR INTEGRITAS,MI,https://unars.ac.id/ojs/index.php/mimbarintegritas,2809-4670,2809-4670,Penelitian,Sosial & Politik,S5,2022 - 2026,blm_scopus,-,Universitas Abdurachman Saleh Situbondo,"Solo, Jawa Tengah"
98,Jurnal Serunai Matematika,JSM,http://ejournal.stkipbudidaya.ac.id/index.php/jf,2089-9459,2620-9217,Penelitian,Matematika,S5,2019 - 2092,blm_scopus,-,Sekolah Tinggi Keguruan dan Ilmu Pendidikan Budidaya Binjai,"Magelang, Jawa Tengah"
99,Jurnal Gramaswara: Jurnal Pengabdian kepada Masyarakat,GRAMASWARA,https://gramaswara.ub.ac.id/index.php/gramaswara,-,2807-369X,Pengabdian,Sosial & Politik,S5,2021 - 2025,blm_scopus,-,Universitas Brawijaya,"Banjarmasin, Kalimantan Selatan"
100,Jurnal Pendidikan Bahasa Jepang Undhiksa,JPJ,https://ejournal.undiksha.ac.id/index.php/JJPBJ/issue/archive,2613-9626,2613-9618,Penelitian,Sastra Arab,S5,2018 - 2025,blm_scopus,-,Universitas Pendidikan Ganesha,"Semarang, Jawa Tengah"
101,Jurnal Healthy Mandala Waluya,JHMW,https://ejournal.umw.ac.id/jhmw,-,2830-1463,Penelitian,Kesehatan,S5,2022 - 2026,blm_scopus,-,Universitas Mandala Waluya,"Surabaya, Jawa Timur"
102,Serunai : Jurnal Ilmiah Ilmu Pendidikan,SERUNAI,http://ejournal.stkipbudidaya.ac.id/index.php/ja,2528-0775,2621-2676,Penelitian,Pendidikan,S5,2020 - 2025,blm_scopus,-,Sekolah Tinggi Keguruan dan Ilmu Pendidikan Budidaya Binjai,"Palembang, Sumatera Selatan"
103,Edutik : Jurnal Pendidikan Teknologi Informasi dan Komunikasi,EDUTIK,https://ejurnal.unima.ac.id/index.php/edutik,2798-141X,2798-141X,Penelitian,Pendidikan,S5,2021 - 2026,blm_scopus,-,Universitas Negeri Manado,"Manado, Sulawesi Utara"
104,Jurnal Pemberdayaan Sosial dan Teknologi Masyarakat,JPSTM,https://jurnal.goretanpena.com/index.php/JPSTM,-,2776-7647,Penelitian,Sosial & Politik,S5,2021 - 2025,blm_scopus,-,Pemanfaatan Ruang Kosong Bernuansa Ecopedagogy di Universitas Asahan Smart Education Jurnal Pemberdayaan Sosial dan Teknologi Masyarakat,"Kudus, Jawa Tengah"
105,Jurnal Pengmas Kestra (JPK),JPK,https://ejournal.medistra.ac.id/index.php/JPK,-,2775-2437,Penelitian,Kesehatan,S5,2021 - 2026,blm_scopus,-,Institut Kesehatan Medistra Lubuk Pakam,"Tangerang, Banten"
106,Public Policy Journal,PPJ,http://ejurnal.pps.ung.ac.id/index.php/PPJ,-,2746-4490,Penelitian,Pemerintah,S5,2022 - 2026,blm_scopus,-,Universitas Negeri Gorontalo,"Malang, Jawa Timur"
107,Journal of Sosial Science and Digital Marketing,JSSDM,https://stmikdharmapalariau.ac.id/ojs/index.php/jssdm,-,2775-4278,Penelitian,Bisnis,S5,2020 - 2026,blm_scopus,-,STMIK Dharmapala Riau,"Padang, Sumatera Barat"
108,Al-Tamimi Kesmas: Jurnal Ilmu Kesehatan Masyarakat (Journal of Public Health Sciences),ATK,https://jurnal.ikta.ac.id/kesmas/article/view/2509/753,2338-2147,2654-6485,Penelitian,Kesehatan,S5,2019 - 2025,blm_scopus,-,Sekolah Tinggi Kesehatan Al Insyirah Pekanbaru,"Lampung, Lampung"
109,Al-Alam : Islamic Natural Science Education Journal,AL-ALAM,https://jurnal.iainambon.ac.id/index.php/JTI,2962-4657,2962-7737,Penelitian,Islam,S5,2022 - 2026,blm_scopus,-,Institut Agama Islam Negeri Ambon,"Bandung, Jawa Barat"
110,Teaching and Learning Journal of Mandalika (Teacher),TEACHER,http://ojs.cahayamandalika.com/index.php/teacher,-,2721-9666,Penelitian,Pendidikan,S5,2010 - 2026,blm_scopus,-,Institut Penelitian dan Pengembangan Mandalika Indonesia,"Denpasar, Bali"
111,Jurnal Analis Farmasi,JAF,http://ejurnalmalahayati.ac.id/index.php/analisfarmasi,2503-233X,2656-7598,Penelitian,Farmasi,S5,2020 - 2048,blm_scopus,-,Unit Penelitian dan Pengabdian Kepada Masyarakat (uppm Program Studi Diii Analis Farmasi dan Makanan Universitas Malahayati,"Cirebon, Jawa Barat"
112,Veritas: Jurnal Program Pascasarjana Ilmu Hukum Universitas Islam As-Syafiiyah,VERITAS,https://uia.e-journal.id/veritas,2407-2494,2655-979X,Penelitian,Hukum,S5,2017 - 2027,blm_scopus,-,Veritas: Jurnal Program Pascasarjana Ilmu Hukum Universitas Islam As-syafiiyah,"Madiun, Jawa Timur"
113,DEIKTIS: Jurnal Pendidikan Bahasa dan Sastra,DEIKTIS,https://dmi-journals.org/deiktis,-,2807-7504,Penelitian,Sastra Indonesia,S5,2002 - 2044,blm_scopus,-,Perkumpulan Dosen Muslin Indonesia,"Bandung, Jawa Barat"
114,Journal of Civil Engineering and Technology Sciences,JCETS,https://jurnal2.untagsmg.ac.id/index.php/JCETS,2963-7244,2964-6960,Penelitian,Sipil,S5,2022 - 2027,blm_scopus,-,Universitas 17 Agustus 1945 Semarang,"Palembang, Sumatera Selatan"
115,Musamus Journal of Civil Engineering,MJCE,https://ejournal.unmus.ac.id/index.php/civil,2622-870X,2622-8084,Penelitian,Sipil,S5,2016 - 2024,blm_scopus,-,Universitas Musamus,"Probolinggo, Jawa Timur"
116,Jurnal Ilmiah Kesehatan Ar-Rum Salatiga,JIKAR,http://e-journal.ar-rum.ac.id/index.php/JIKA,2528-3685,2598-3857,Penelitian,Kesehatan,S5,2018 - 2027,blm_scopus,-,-,"Manado, Sulawesi Utara"
117,Jurnal Ilmiah Penyuluhan dan Pengembangan Masyarakat,JIPPM,https://ojs.uho.ac.id/index.php/JIPPM,-,2775-7145,Penelitian,Sosial & Politik,S5,2021 - 2025,blm_scopus,-,Universitas Halu Oleo,"Jambi, Jambi"
118,EDUKASI,EDUKASI,https://ejournal-fkip.unisi.ac.id/judek,2087-0310,2721-7728,Penelitian,Pendidikan,S5,2022 - 2087,blm_scopus,-,Universitas Islam Indragiri,"Cirebon, Jawa Barat"
119,AT-TAISIR: Journal of Indonesian Tafsir Studies,AT-TAISIR,https://jurnal.idaqu.ac.id/index.php/at-taisir,2775-0175,2775-3239,Penelitian,Islam,S5,2021 - 2025,blm_scopus,-,Institut Daarul Qur'an Jakarta,"Palu, Sulawesi Tengah"
120,SPIRIT,SPIRIT,http://jurnal.stmik-yadika.ac.id/index.php/spirit,2085-3092,2721-057X,Penelitian,Pendidikan,S5,2019 - 2085,blm_scopus,-,Institut Teknologi dan Bisnis Yadika Pasuruan,"Pekanbaru, Riau"
121,Jurnal Abdi Panca Marga,JAPM,https://ejournal.upm.ac.id/index.php/abdipancamarga,1599-1938,2746-4105,Penelitian,Sosial & Politik,S5,2020 - 2024,blm_scopus,-,Universitas Panca Marga Probolinggo,"Pekalongan, Jawa Tengah"
122,GENIUS JOURNAL (General Nursing Science Journal),GENIUS,https://genius.inspira.or.id/index.php/gj,-,2723-7729,Penelitian,Keperawatan,S5,2020 - 2025,blm_scopus,-,Yayasan Inspirasi El Burhani,"Jember, Jawa Timur"
123,ADINDAMAS: Jurnal Pengabdian Kepada Masyarakat,ADINDAMAS,https://journal.sties-purwakarta.ac.id/index.php/adindamas,2798-4702,2798-2874,Pengabdian,Sosial & Politik,S5,2021 - 2025,blm_scopus,-,STIE Syariah Indonesia Purwakarta,"Palu, Sulawesi Tengah"
124,Spektrum Sipil,SPEKTRUM,http://spektrum.unram.ac.id/index.php/Spektrum,1858-4896,2581-2505,Penelitian,Sipil,S5,2020 - 2028,blm_scopus,-,Universitas Mataram,"Cirebon, Jawa Barat"
125,Masker Medika,MASKER,https://jmm.ikestmp.ac.id/index.php/maskermedika,2301-8631,2654-8658,Penelitian,Kesehatan,S5,2020 - 2028,blm_scopus,-,-,"Sidoarjo, Jawa Timur"
126,Journal AK-99,AK-99,http://jurnal.umpar.ac.id/index.php/ak99,-,2775-6726,Penelitian,Akuntansi,S5,2019 - 2026,blm_scopus,-,Universitas Muhammadiyah Parepare,"Tasikmalaya, Jawa Barat"
127,Jurnal Ilmiah Pamenang (JIP),JIP,https://jurnal.stikespamenang.ac.id/index.php/jip,2716-0483,2715-6036,Penelitian,Pendidikan,S5,2020 - 2025,blm_scopus,-,Sekolah Tinggi Ilmu Kesehatan Pamenang,"Palu, Sulawesi Tengah"
128,Elkom: Jurnal Elektronika dan Komputer,ELKOM,http://journal.stekom.ac.id/index.php/elkom/issue/archive,1907-0012,2714-5417,Penelitian,Elektro,S5,2018 - 2026,blm_scopus,-,Sekolah Tinggi Elektronika dan Komputer,"Tegal, Jawa Tengah"
129,kawanad,KAWANAD,https://journal.kawanad.com/index.php/kjpkm,2830-0033,2830-0041,Penelitian,Sosial Budaya,S5,2022 - 2026,blm_scopus,-,Yayasan Kawanad,"Lampung, Lampung"
130,MAQASHID : Jurnal Hukum Islam,MAQASHID,http://ejournal.alqolam.ac.id/index.php/maqashid,2613-9758,2685-4619,Penelitian,Hukum,S5,2019 - 2073,blm_scopus,-,Institut Agama Islam Al-qolam Malang,"Blitar, Jawa Timur"
131,Hijri,HIJRI,http://jurnal.uinsu.ac.id/index.php/hijri,1979-8075,2685-2810,Penelitian,Islam,S5,2017 - 2028,blm_scopus,-,Universitas Islam Negeri Sumatera Utara,"Palembang, Sumatera Selatan"
132,JASATHP: Jurnal Sains dan Teknologi Hasil Pertanian,JASATHP,https://jurnal.umsrappang.ac.id/jasathp,-,2798-0952,Penelitian,Pertanian,S5,2021 - 2042,blm_scopus,-,Universitas Muhammadiyah Sidenreng Rappang,"Samarinda, Kalimantan Timur"
133,Majalah Ilmiah Cahaya Ilmu,MICI,http://jurnal.stiapembangunanjember.ac.id/index.php/cahayailmu,2715-3339,2722-208X,Penelitian,Pendidikan,S5,2020 - 2025,blm_scopus,-,Sekolah Tinggi Ilmu Administrasi Pembangunan Jember,"Tasikmalaya, Jawa Barat"
134,APLIKATIF: Journal of Research Trends in Social Sciences and Humanities,APLIKATIF,http://rcsdevelopment.org/index.php/aplikatif,2962-8342,2962-7222,Penelitian,Sosial & Politik,S5,2021 - 2026,blm_scopus,-,Lembaga Riset dan Inovasi Masyarakat Madani,"Tegal, Jawa Tengah"
135,RJABM (Research Journal of Accounting and Business Management),RJABM,http://ejurnal.untag-smd.ac.id/index.php/RJABM,2580-3115,2580-3131,Penelitian,Akuntansi,S5,2018 - 2027,blm_scopus,-,Universitas 17 Agustus 1945 Samarinda,"Blitar, Jawa Timur"
136,Jurnal Karya untuk Masyarakat (JKuM),JKUM,http://journal.starki.id/index.php/JKuM,-,2720-9423,Penelitian,Sosial & Politik,S5,2020 - 2094,blm_scopus,-,Sekolah Tinggi Ilmu Komunikasi dan Sekretaris Tarakanita,"Palu, Sulawesi Tengah"
137,Movere Journal,MOVERE,https://ojs.stie-tdn.ac.id/index.php/MV,-,2656-2790,Penelitian,Psikologi,S5,2019 - 2025,blm_scopus,-,Sekolah Tinggi Ilmu Ekonomi Tri Dharma Nusantara,"Blitar, Jawa Timur"
138,Jurnal InterAct,INTERACT,https://ejournal.atmajaya.ac.id/index.php/interact/index,2252-4630,2614-1442,Penelitian,Komunikasi,S5,2018 - 2026,blm_scopus,-,Universitas Katolik Indonesia Atma Jaya,"Jambi, Jambi"
139,Operations Research: International Conference Series,ORICS,https://www.iorajournal.org/index.php/Orics/index,2723-1739,2722-0974,Penelitian,Matematika,S5,2019 - 2097,blm_scopus,-,-,"Cirebon, Jawa Barat"
140,Lisanuna: Jurnal Ilmu Bahasa Arab dan Pembelajarannya,LISANUNA,https://jurnal.ar-raniry.ac.id/index.php/lisanuna/index,2354-5577,2549-2802,Penelitian,Sastra Arab,S5,2020 - 2025,blm_scopus,-,Universitas Islam Negeri Ar-raniry Banda Aceh,"Manado, Sulawesi Utara"
141,Fraktal: Jurnal Matematika dan Pendidikan Matematika,FRAKTAL,https://ejurnal.undana.ac.id/fraktal,-,2776-0073,Penelitian,Matematika,S5,2021 - 2077,blm_scopus,-,Universitas Nusa Cendana,"Madiun, Jawa Timur"
142,Nuras : Jurnal Pengabdian Kepada Masyarakat,NURAS,https://e-journal.lp3kamandanu.com/index.php/nuras,2808-3628,2808-2559,Pengabdian,Sosial Budaya,S5,2022 - 2027,blm_scopus,-,"Lembaga Pendidikan, Penelitian, dan Pengabdian Kamandanu","Magelang, Jawa Tengah"
143,Jurnal Sociopolitico,SOCIOPOLITICO,https://jurnal.fisipolupgriplk.ac.id/index.php/JSP,-,2656-1026,Penelitian,Sosial & Politik,S5,2020 - 2025,blm_scopus,-,Universitas Pgri Palangka Raya,"Samarinda, Kalimantan Timur"
144,Jurnal Ilmiah Hukum dan Dinamika Masyarakat,JIHDM,http://jurnal.untagsmg.ac.id/index.php/hdm/index,0854-2031,2460-9005,Penelitian,Hukum,S5,2012 - 2031,blm_scopus,-,Universitas 17 Agustus 1945 Semarang,"Kudus, Jawa Tengah"
145,Jurnal MIPA,MIPA,https://ejournal.unsrat.ac.id/index.php/jmuo,-,2302-3899,Penelitian,Pendidikan,S5,2018 - 2027,blm_scopus,-,Fmipa Universitas Sam Ratulangi,"Palu, Sulawesi Tengah"
146,Jurnal Sistem Informasi dan Bisnis Cerdas,JSIBC,http://sibc.upnjatim.ac.id/index.php/sibc/index,2087-0639,2686-0775,Penelitian,Informatika Komputer,S5,2018 - 2087,blm_scopus,-,Universitas Pembangunan Nasional Veteran Jawa Timur,"Bandung, Jawa Barat"
147,Akademika: Jurnal Keagamaan dan Pendidikan,AKADEMIKA,https://ejournal.kampusmelayu.ac.id/index.php/akademika,2087-5630,2685-158X,Penelitian,Islam,S5,2018 - 2087,blm_scopus,-,Akademika: Jurnal Keagamaan dan Pendidikan,"Medan, Sumatera Utara"
148,Indonesian Journal Education,IJE,https://jurnal.larisma.or.id/index.php/IJE,-,2962-5513,Penelitian,Pendidikan,S5,2022 - 2026,blm_scopus,-,Lembaga Riset Mutiara Akbar,"Yogyakarta, DI Yogyakarta"
149,Buletin Sistem Informasi dan Teknologi Islam,BSITI,http://jurnal.fikom.umi.ac.id/index.php/BUSITI,-,2721-0901,Penelitian,Teknologi Informasi,S5,2021 - 2054,blm_scopus,-,Universitas Muslim Indonesia,"Palembang, Sumatera Selatan"
150,Siginjai: Jurnal Sejarah,SIGINJAI,https://online-journal.unja.ac.id/siginjai,2797-9520,2797-9059,Penelitian,Sejarah,S5,2021 - 2026,blm_scopus,-,Universitas Jambi,"Tasikmalaya, Jawa Barat"
151,Journal of Health Quality Development (JHQD),JHQD,https://journal.intelekmadani.org/index.php/jhqd,-,2798-2025,Penelitian,Kesehatan,S5,2021 - 2025,blm_scopus,-,Unit Publikasi Ilmiah Perkumpulan Intelektual Madani Indonesia,"Padang, Sumatera Barat"
152,Pixel : Jurnal Ilmiah Komputer Grafis,PIXEL,http://journal.stekom.ac.id/index.php/pixel,1979-0414,2621-6256,Penelitian,Teknologi Informasi,S5,2018 - 2026,blm_scopus,-,Sekolah Tinggi Elektronika dan Komputer,"Bandung, Jawa Barat"
153,Jurnal Teknologi Berkelanjutan,JTB,http://jtb.ulm.ac.id/index.php/JTB,2302-8394,2620-9276,Penelitian,Teknik,S5,2022 - 2092,blm_scopus,-,Universitas Lambung Mangkurat,"Padang, Sumatera Barat"
154,TONGKONAN: Jurnal Pengabdian Masyarakat,TONGKONAN,https://journals.ukitoraja.ac.id/index.php/tongkonan/index,2961-7081,2961-7081,Pengabdian,Sosial & Politik,S5,2022 - 2026,blm_scopus,-,Universitas Kristen Indonesia Toraja,"Semarang, Jawa Tengah"
155,Kiwari,KIWARI,https://journal.untar.ac.id/index.php/Kiwari,-,2827-8763,Penelitian,Sosial Budaya,S5,2022 - 2027,blm_scopus,-,Universitas Tarumanagara,"Tangerang, Banten"
156,Real Coster,REAL COSTER,https://ojs.sttrealbatam.ac.id/index.php/coster,-,2807-6044,Penelitian,Ekonomi,S5,2021 - 2026,blm_scopus,-,Sekolah Tinggi Teologi Real Batam,"Purwokerto, Jawa Tengah"
157,Syarah: Jurnal Hukum Islam dan Ekonomi,SYARAH,https://journal.iainlhokseumawe.ac.id/index.php/syarah,2302-9978,2715-2642,Penelitian,Hukum,S5,2021 - 2025,blm_scopus,-,Institut Agama Islam Negeri Lhokseumawe,"Solo, Jawa Tengah"
158,Nommensen Journal of Medicine,NJM,https://jurnal.uhn.ac.id/index.php/medicine/index,2460-1616,2686-2565,Penelitian,Kedokteran,S5,2019 - 2025,blm_scopus,-,Universitas Hkbp Nommensen,"Probolinggo, Jawa Timur"
159,Jurnal Buana Farma,JBF,http://journal.ubpkarawang.ac.id/mahasiswa/index.php/buanafarma,-,2797-2100,Penelitian,Farmasi,S5,2021 - 2026,blm_scopus,-,Universitas Buana Perjuangan Karawang,"Kupang, Nusa Tenggara Timur"
160,Jurnal Kesehatan Wira Buana,JKW,http://jurnal.akbid-wirabuana.ac.id/index.php/jukes,2541-5387,2747-2795,Penelitian,Kesehatan,S5,2022 - 2026,blm_scopus,-,Akademi Kebidanan Wira Buana,"Magelang, Jawa Tengah"
161,Pharmaceutical Reports,PR,https://jurnal.umi.ac.id/index.php/PharmRep/index,2828-6030,2828-8734,Penelitian,Farmasi,S5,2022 - 2026,blm_scopus,-,Universitas Muslim Indonesia,"Yogyakarta, DI Yogyakarta"
162,Jurnal VNUS (Vocational Nursing Science),VNUS,https://ojs.stikesmucis.ac.id/index.php/jvnus,-,2656-8799,Penelitian,Keperawatan,S5,2022 - 2026,blm_scopus,-,Sekolah Tinggi Ilmu Kesehatan Muhammadiyah Ciamis,"Bogor, Jawa Barat"
163,Jurnal Historica,HISTORICA,https://historica.jurnal.unej.ac.id/index.php/JHIS/article/view/47660/15456,2252-4673,2964-9269,Penelitian,Sejarah,S5,2008 - 2026,blm_scopus,-,Universitas Jember,"Magelang, Jawa Tengah"
164,Jurnal Studi Jurnalistik,JSJ,http://journal.uinjkt.ac.id/index.php/jsj,2715-5196,2715-7857,Penelitian,Komunikasi,S5,2019 - 2025,blm_scopus,-,Universitas Islam Negeri Syarif Hidayatullah Jakarta,"Kediri, Jawa Timur"
165,MUTIARA PENDIDIKAN,MUPEN,http://e-journal.sari-mutiara.ac.id/index.php/JMT,2541-0253,2541-0253,Penelitian,Pendidikan,S5,2018 - 2026,blm_scopus,-,Universitas Sari Mutiara Indonesia,"Jambi, Jambi"
166,Journal for Quality in Public Health,JQPH,https://jqph.org/index.php/JQPH,2614-4913,2614-4921,Penelitian,Kesehatan,S5,2017 - 2027,blm_scopus,-,Master Of Public Health Program Institut Ilmu Kesehatan Strada Indonesia Journal For Quality In Public Health Vol. 8 No. 2 (2025): May 116-122,"Manado, Sulawesi Utara"
167,NGARSA: Journal of Dedication Based on Local Wisdom,NGARSA,https://ngarsa.uinkhas.ac.id/index.php/ngarsa,2775-9776,2775-782X,Penelitian,Sosial & Politik,S5,2022 - 2026,blm_scopus,-,Universitas Islam Negeri Kiai Haji Achmad Siddiq Jember,"Malang, Jawa Timur"
168,Jurnal Teknik Ilmu dan Aplikasi,JTIA,http://jurnal.polinema.ac.id/index.php/jtia,2460-5549,2797-0272,Penelitian,Teknik,S5,2023 - 2027,blm_scopus,-,Politeknik Negeri Malang,"Pekanbaru, Riau"
169,JRAM (Jurnal Riset Akuntansi Multiparadigma),JRAM,https://jurnal.uisu.ac.id/index.php/JRAM,2339-0492,2599-1469,Penelitian,Akuntansi,S5,2019 - 2028,blm_scopus,-,Universitas Islam Sumatera Utara,"Denpasar, Bali"
170,JURNAL TEKNIK INFORMATIKA DAN KOMPUTER,JTIK,https://journal.uhamka.ac.id/index.php/jutikom,-,2829-0208,Penelitian,Informatika Komputer,S5,2022 - 2027,blm_scopus,-,Universitas Muhammadiyah Prof. Dr. Hamka,"Blitar, Jawa Timur"
171,Arkus,ARKUS,https://hmpublisher.com/index.php/arkus,2089-1393,2808-5035,Penelitian,Arsitektur,S5,2009 - 2089,blm_scopus,-,Factors For Selection Of Medical Records And Health Information Study Programs For New Students At Universitas Esa Unggul,"Malang, Jawa Timur"
172,Jurnal Abdimas Multidisiplin,JAM,https://penerbitgoodwood.com/index.php/jamu,-,2964-495X,Penelitian,Sosial & Politik,S5,2022 - 2026,blm_scopus,-,Seminar dan Pelatihan Âbelajar Jarak Jauh dengan E-learning Bagi Mahasiswa STIE Krakatauâ Penerbit Goodwood Jurnal Abdimas Multidisiplin,"Sidoarjo, Jawa Timur"
173,Afiasi : Jurnal Kesehatan Masyarakat,AFIASI,https://afiasi.unwir.ac.id/index.php/afiasi,2442-5885,2622-3392,Penelitian,Kesehatan,S5,2018 - 2027,blm_scopus,-,Universitas Wiralodra,"Sidoarjo, Jawa Timur"
174,Prima Wiyata Health,PWH,https://e-journal.shj.ac.id/ojs/index.php/PWH,2716-1706,2746-0940,Penelitian,Kesehatan,S5,2022 - 2027,blm_scopus,-,Sekolah Tinggi Ilmu Kesehatan Husada Jombang,"Denpasar, Bali"
175,ALGORITMA : JURNAL ILMU KOMPUTER DAN INFORMATIKA,ALGORITMA,https://jurnal.uinsu.ac.id/index.php/algoritma/index,-,2598-6341,Penelitian,Informatika Komputer,S5,2022 - 2027,blm_scopus,-,Prodi Ilmu Komputer Fakultas Sains dan Teknologi Universitas Islam Negeri Sumatera Utara,"Surabaya, Jawa Timur"
176,An Idea Health Journal,AIHJ,http://ihj.ideajournal.id/index.php/IHJ,-,2797-0604,Penelitian,Kesehatan,S5,2021 - 2025,blm_scopus,-,-,"Depok, Jawa Barat"
177,Journal DaFIna - Journal Deutsch als Fremdsprache in Indonesien,DAFINA,http://journal2.um.ac.id/index.php/dafina,-,2548-1681,Penelitian,Semua Ilmu,S5,2017 - 2025,blm_scopus,-,Universitas Negeri Malang,"Medan, Sumatera Utara"
178,CITRA JUSTICIA : Majalah Hukum dan Dinamika Kemasyarakatan,CITRA JUSTICIA,http://jurnal.una.ac.id/index.php/cj,1411-0717,2686-5750,Penelitian,Hukum,S5,2016 - 2029,blm_scopus,-,Universitas Asahan,"Cirebon, Jawa Barat"
179,Scientia Psychiatrica,SCIENTIA,https://scientiapsychiatrica.com/index.php/SciPsy,-,2715-9736,Penelitian,Psikologi,S5,2020 - 2025,blm_scopus,-,-,"Medan, Sumatera Utara"
180,Jurnal Inovatif : Inovasi Teknologi Informasi dan Informatika,JINOVATIF,http://ejournal.uika-bogor.ac.id/index.php/INOVA-TIF/index,2654-5535,2654-5519,Penelitian,Informatika Komputer,S5,2019 - 2027,blm_scopus,-,Universitas Ibn Khaldun,"Tangerang, Banten"
181,JOURNAL OF Mother and Child Health Concerns,JMCHC,https://e-jurnal.iphorr.com/index.php/mchc,2798-4095,2798-4192,Penelitian,Kesehatan,S5,2021 - 2025,blm_scopus,-,-,"Samarinda, Kalimantan Timur"
182,Idarotuna : Jurnal of Administrative Science,IDAROTUNA,https://ejournal.akts.ac.id/index.php/idarotuna,2798-0111,2798-0413,Penelitian,Manajemen,S5,2020 - 2025,blm_scopus,-,Akademi Komunitas Teknologi Syarifuddin Lumajang,"Pekanbaru, Riau"
183,Riau Jurnal Teknik Informatika,RJTI,https://journal.upp.ac.id/index.php/rjti,-,2829-2529,Penelitian,Informatika Komputer,S5,2013 - 2027,blm_scopus,-,Universitas Pasir Pengaraian,"Pekalongan, Jawa Tengah"
184,Perwira Journal of Community Development (PJCD),PJCD,https://ejournal.unperba.ac.id/index.php/pjcd,-,2798-3706,Penelitian,Sosial Budaya,S5,2023 - 2027,blm_scopus,-,Universitas Perwira Purbalingga,"Tegal, Jawa Tengah"
185,Borneo Community Health Sevice Journal,BCHSJ,http://jurnal.borneo.ac.id/index.php/NEOTYCE,-,2807-6621,Penelitian,Kesehatan,S5,2021 - 2029,blm_scopus,-,Universitas Borneo Tarakan,"Yogyakarta, DI Yogyakarta"
186,Jurnal Kebidanan Harapan Ibu Pekalongan,JKHI,http://akbidhipekalongan.ac.id/e-journal/index.php/jurbidhip,2549-2772,2579-5481,Penelitian,Kebidanan,S5,2018 - 2025,blm_scopus,-,Lppm Akademi Kebidanan Harapan Ibu Pekalongan,"Samarinda, Kalimantan Timur"
187,Home Journal : Hospitality and Gastronomy Research Journal,HOME,https://jurnal.politeknikbosowa.ac.id/index.php/HOME,2685-8290,2775-3662,Penelitian,Gastronomi,S5,2022 - 2026,blm_scopus,-,Politeknik Bosowa,"Tegal, Jawa Tengah"
188,Tabularasa: Jurnal Ilmiah Magister Psikologi,TABULARASA,http://jurnalmahasiswa.uma.ac.id/index.php/tabularasa,-,2723-1178,Penelitian,Psikologi,S5,2020 - 2025,blm_scopus,-,Universitas Medan Area,"Kediri, Jawa Timur"
189,Al-Khos: Jurnal Pendidikan Agama Islam,AL-KHOS,https://al-khos.org/index.php/AlKhos,2809-2686,2809-1639,Penelitian,Islam,S5,2022 - 2026,blm_scopus,-,-,"Salatiga, Jawa Tengah"
190,TAHKIM: JURNAL HUKUM DAN SYARIAH,TAHKIM,http://jurnal.iainambon.ac.id/index.php/THK/issue/view/68,1858-0734,2654-5357,Penelitian,Hukum,S5,2018 - 2027,blm_scopus,-,IAIN Ambon,"Sidoarjo, Jawa Timur"
191,"International Journal of Health, Engineering and Technology (IJHET)",IJHET,https://afdifaljournal.com/journal/index.php/ijhet,-,2829-8683,Penelitian,Kesehatan,S5,2022 - 2027,blm_scopus,-,-,"Blitar, Jawa Timur"
192,Jurnal Ilmu Perairan (Aquatic Science),JIPAS,https://jipas.ejournal.unri.ac.id/index.php/JIPAS,1693-2862,2776-3080,Penelitian,Semua Ilmu,S5,2021 - 2025,blm_scopus,-,Universitas Riau,"Pekalongan, Jawa Tengah"
193,Jurnal Sains Boga,JSB,http://journal.unj.ac.id/unj/index.php/boga,2622-5557,2622-5557,Penelitian,Gastronomi,S5,2020 - 2025,blm_scopus,-,Universitas Negeri Jakarta,"Lampung, Lampung"
194,Journal of Fundamental Management (JFM),JFM,https://publikasi.mercubuana.ac.id/index.php/jfm,2775-4480,2775-6300,Penelitian,Manajemen,S5,2016 - 2027,blm_scopus,-,Universitas Mercu Buana,"Bekasi, Jawa Barat"
195,"Pahlawan : Jurnal Ilmu Pendidikan, Sosial dan Budaya",PAHLAWAN,https://ojs.uvayabjm.ac.id/index.php/pahlawan,2338-0853,2685-9920,Penelitian,Pendidikan,S5,2021 - 2025,blm_scopus,-,Universitas Achmad Yani Banjarmasin,"Tangerang, Banten"
196,Jurnal Riset Teknik Sipil dan Sains,JRTSS,https://jurnal.poliwangi.ac.id/index.php/Jriteks,-,2963-7791,Penelitian,Sipil,S5,2022 - 2026,blm_scopus,-,Politeknik Negeri Banyuwangi,"Denpasar, Bali"
197,"Sawala : Jurnal pengabdian Masyarakat Pembangunan Sosial, Desa dan Masyarakat",SAWALA,http://jurnal.unpad.ac.id/sawala,-,2716-4705,Penelitian,Sosial & Politik,S5,2021 - 2025,blm_scopus,-,Universitas Padjadjaran,"Surabaya, Jawa Timur"
198,Jurnal Geuthee,GEUTHEE,http://journal.geutheeinstitute.com/index.php/JG,2614-6096,2614-6096,Penelitian,Semua Ilmu,S5,2020 - 2027,blm_scopus,-,Geuthee Institute,"Bandung, Jawa Barat"
199,Retina Jurnal Fotografi,RETINA,https://jurnal2.isi-dps.ac.id/index.php/retina,-,2798-4729,Penelitian,Semua Ilmu,S5,2023 - 2027,blm_scopus,-,Institut Seni Indonesia Denpasar,"Jember, Jawa Timur"
200,JIPD (Jurnal Inovasi Pendidikan Dasar),JIPD,http://unikastpaulus.ac.id/jurnal/index.php/jipd,2541-0202,2598-408X,Penelitian,Pendidikan,S5,2017 - 2024,blm_scopus,-,Universitas Katolik Indonesia Santu Paulus Ruteng,"Semarang, Jawa Tengah"
201,Journal of Synergy Landscape,JSLAND,https://e-journal.trisakti.ac.id/index.php/landscape,-,2807-1077,Penelitian,Sosial & Politik,S5,2022 - 2026,blm_scopus,-,Universitas Trisakti,"Tegal, Jawa Tengah"
202,"Jurnal Bahasa, Sastra, dan Studi Amerika",JBSSA,https://jurnal.uns.ac.id/jbssa,1410-5411,2685-4503,Penelitian,Sastra Inggris,S5,2022 - 2096,blm_scopus,-,Universitas Sebelas Maret,"Tangerang, Banten"
203,Al Mashaadir : Jurnal Ilmu Syariah,AL-MASHAADIR,http://jurnal.stisummulayman.ac.id/index.php/almashaadir/index,2722-2276,2722-2268,Penelitian,Islam,S5,2019 - 2029,blm_scopus,-,Sekolah Tinggi Ilmu Syariah Ummul Ayman,"Tasikmalaya, Jawa Barat"
204,Kolaborasi Jurnal Pengabdian Masyarakat,KOLABORASI,https://journal.inspira.or.id/index.php/kolaborasi,-,2809-0438,Pengabdian,Sosial Budaya,S5,2021 - 2025,blm_scopus,-,Yayasan Inspirasi El Burhani,"Lampung, Lampung"
205,Jurnal Prajaiswara,JPRAJAI,https://prajaiswara.jambiprov.go.id/index.php/file2,2722-6352,2809-6991,Penelitian,Pemerintah,S5,2013 - 2027,blm_scopus,-,The Relationship Between Body Image And Self-confidence Among University Students In Yogyakarta,"Malang, Jawa Timur"
206,Jurnal Himasapta,HIMASAPTA,http://ppjp.ulm.ac.id/journals/index.php/jhs,2579-7816,2527-4619,Penelitian,Sosial Budaya,S5,2020 - 2052,blm_scopus,-,Universitas Lambung Mangkurat,"Yogyakarta, DI Yogyakarta"
207,JURNAL FIRNAS,FIRNAS,https://scholar.ummetro.ac.id/index.php/firnas,2722-077X,2722-2144,Penelitian,Semua Ilmu,S5,2021 - 2077,blm_scopus,-,Universitas Muhammadiyah Metro,"Blitar, Jawa Timur"
208,Jurnal Ilmiah Sistem Informasi,JISI,https://scholar.ummetro.ac.id/index.php/jisi,2829-5420,2829-4556,Penelitian,Informatika Komputer,S5,2022 - 2027,blm_scopus,-,Universitas Muhammadiyah Metro,"Pekanbaru, Riau"
209,Jurnal Arsitektur,JARS,http://ejournal.sttcirebon.ac.id/index.php/jas,2087-9296,2685-6166,Penelitian,Arsitektur,S5,2021 - 2087,blm_scopus,-,Program Studi Arsitektur Sekolah Tinggi Teknologi Cirebon,"Solo, Jawa Tengah"
210,Repertoar Journal,REPERTOAR,https://journal.unesa.ac.id/index.php/Repertoar,-,2746-1718,Penelitian,Seni,S5,2020 - 2025,blm_scopus,-,Universitas Negeri Surabaya,"Bogor, Jawa Barat"
211,Abdimas Toddopuli: Jurnal Pengabdian Pada Masyarakat,TODDOPULI,https://e-journal.my.id/atjpm,-,2716-0009,Pengabdian,Sosial & Politik,S5,2022 - 2026,blm_scopus,-,Universitas Cokroaminoto Palopo,"Bandung, Jawa Barat"
212,LONTAR Jurnal Teknik Mesin Undana (LJTMU ),LJTMU,https://ejurnal.undana.ac.id/index.php/LJTMU,2356-3222,2407-3555,Penelitian,Teknik Mesin,S5,2000 - 2026,blm_scopus,-,Universitas Nusa Cendana,"Jambi, Jambi"
213,Jurnal Afiat : Kesehatan dan Anak,AFIAT,https://uia.e-journal.id/afiat,2477-6408,2656-0046,Penelitian,Kesehatan,S5,2021 - 2026,blm_scopus,-,Universitas Islam As-syafiiyah,"Probolinggo, Jawa Timur"
214,jurnal hukum agama hindu widya kerta,WIDYA KERTA,http://e-journal.stahn-gdepudja.ac.id/index.php/WK,-,-,Penelitian,Hukum,S5,2020 - 2025,blm_scopus,-,Institut Agama Hindu Negeri Gde Pudja Mataram,"Samarinda, Kalimantan Timur"
215,Global Abdimas: Jurnal Pengabdian Masyarakat,GLOBAL ABDIMAS,http://journal.intelekmadani.org/index.php/globalabdimas,-,2776-3331,Pengabdian,Sosial & Politik,S5,2021 - 2025,blm_scopus,-,Unit Publikasi Ilmiah Perkumpulan Intelektual Madani Indonesia,"Palu, Sulawesi Tengah"
216,ARSY : Jurnal Aplikasi Riset kepada Masyarakat,ARSY,http://journal.al-matani.com/index.php/arsy,2745-4428,2745-441X,Penelitian,Sosial & Politik,S5,2020 - 2029,blm_scopus,-,Lembaga Riset dan Inovasi Al-matani,"Medan, Sumatera Utara"
217,Rhizome: Jurnal Kajian Ilmu Humaniora,RHIZOME,https://journal.actual-insight.com/index.php/rhizome,2776-4850,2775-5851,Penelitian,Humaniora,S5,2023 - 2027,blm_scopus,-,Analisis Pemahaman Mahasiswa Papua Terhadap Bahasa Sumatera Selatan di Lingkungan Universitas Sriwijaya,"Samarinda, Kalimantan Timur"
218,Transparan,TRANSPARAN,https://e-jurnal.stie-yadika.ac.id/index.php/jtsyb,2085-3327,2797-6009,Penelitian,Pemerintah,S5,2022 - 2085,blm_scopus,-,Sekolah Tinggi Ilmu Ekonomi Yadika Bangil,"Purwokerto, Jawa Tengah"
219,Indonesian Journal of Behavioral Studies,IJBS,http://jurnal.radenfatah.ac.id/index.php/ijobs,2807-1956,2807-1964,Penelitian,Psikologi,S5,2021 - 2025,blm_scopus,-,Universitas Islam Negeri Raden Fatah Palembang,"Probolinggo, Jawa Timur"
220,"Transformatika: Jurnal Bahasa, Sastra, dan Pengajarannya",TRANSFORMATIKA,https://jurnal.untidar.ac.id/index.php/transformatika,2549-5941,2549-6271,Penelitian,Sastra Indonesia,S5,-,blm_scopus,-,Universitas Tidar,"Manado, Sulawesi Utara"
221,"Lathaif: Literasi Tafsir, Hadis dan Filologi",LATHAIF,https://ejournal.uinmybatusangkar.ac.id/ojs/index.php/lathaif,2963-7678,2962-6153,Penelitian,Islam,S5,2022 - 2050,blm_scopus,-,Universitas Islam Negeri Mahmud Yunus Batusangkar,"Banjarmasin, Kalimantan Selatan"
222,Jike: Jurnal Ilmu Komunikasi Efek,JIKE,http://e-journal.umc.ac.id/index.php/jike,2614-0829,2615-7950,Penelitian,Komunikasi,S5,2018 - 2027,blm_scopus,-,"Program Studi Ilmu Komunikasi, Fisip, Universitas Muhammadiyah Cirebon","Palu, Sulawesi Tengah"
223,"Review of Multidisciplinary Education, Culture and Pedagogy (ROMEO)",ROMEO,http://ojs.transpublika.com/index.php/ROMEO,-,2810-0743,Penelitian,Pendidikan,S5,2022 - 2027,blm_scopus,-,Analysis Of Politeness Maxims In Indonesian Language Use In College Environments,"Tangerang, Banten"
224,International Journal of Trends in Accounting Research,IJTAR,https://jurnal.adai.or.id/index.php/ijtar,-,2774-5643,Penelitian,Akuntansi,S5,2016 - 2026,blm_scopus,-,-,"Bandung, Jawa Barat"
225,Al-Asalmiya Nursing: Journal of Nursing Sciences,AL-ASALMIYA,https://jurnal.ikta.ac.id/keperawatan/article/view/2888/777,2338-2112,2580-0485,Penelitian,Keperawatan,S5,2019 - 2025,blm_scopus,-,Sekolah Tinggi Kesehatan Al Insyirah Pekanbaru,"Kupang, Nusa Tenggara Timur"
226,JURNAL WACANA KESEHATAN,JWK,http://jurnal.akperdharmawacana.ac.id/index.php/wacana,2088-5776,2541-6251,Penelitian,Kesehatan,S5,2021 - 2088,blm_scopus,-,Universitas Dharma Wacana,"Jambi, Jambi"
227,Islamika Granada,ISLAMIKA,http://penelitimuda.com/index.php/IG,2723-4142,2723-4150,Penelitian,Islam,S5,2020 - 2029,blm_scopus,-,Studi Identifikasi Faktor Yang Mempengaruhi Perilaku Menolong pada Relawan Yayasan Medan Generasi Impian Granada El-fath Islamika Granada,"Pekalongan, Jawa Tengah"
228,Jurnal Pengabdian Masyarakat Asia,JPMA,https://jurnal.stie.asia.ac.id/index.php/jpm,-,2745-9535,Pengabdian,Sosial Budaya,S5,2020 - 2089,blm_scopus,-,Institut Teknologi dan Bisnis Asia Malang,"Lampung, Lampung"
229,JURNAL REFORMASI ADMINISTRASI : Jurnal Ilmiah untuk Mewujudkan Masyarakat Madani,JRA,http://ojs.stiami.ac.id/index.php/reformasi,-,2622-8696,Penelitian,Pemerintah,S5,2017 - 2025,blm_scopus,-,Lppm dan Prodi Administasi Publik Institut Ilmu Sosial dan Manajemen Stiami,"Kediri, Jawa Timur"
230,Al Himam: Jurnal Ilmu Ilmu Pendidikan & Bahasa Arab,AL-HIMAM,https://waraqat.assunnah.ac.id/index.php/alhimam,2798-2343,2985-458X,Penelitian,Islam,S5,2022 - 2026,blm_scopus,-,Sekolah Tinggi Agama Islam As-sunnah,"Magelang, Jawa Tengah"
231,Synergy and Society Service,SSS,http://save.triatmamulya.ac.id/index.php/save,-,2798-0812,Penelitian,Sosial & Politik,S5,2021 - 2026,blm_scopus,-,Universitas Triatma Mulya,"Samarinda, Kalimantan Timur"
232,Nursing and Health Sciences Journal (NHSJ),NHSJ,https://nhs-journal.com/index.php/nhs,2798-5059,2798-5067,Penelitian,Kesehatan,S5,2021 - 2025,blm_scopus,-,-,"Kupang, Nusa Tenggara Timur"
233,JURNAL PENDIDIKAN BAHASA,JPB,https://ejournal.tsb.ac.id/index.php/jpb,2088-0316,2685-0133,Penelitian,Pendidikan,S5,2022 - 2088,blm_scopus,-,STKIP Taman Siswa Bima,"Tasikmalaya, Jawa Barat"
234,Jurnal Darmawisata,JDW,https://jurnalvokasi.ung.ac.id/jdw/index.php/jdw,2798-8201,2809-5944,Penelitian,Pariwisata,S5,2019 - 2025,blm_scopus,-,Program Vokasi Universitas Negeri Gorontalo,"Blitar, Jawa Timur"
235,Darma Cendekia,DC,https://www.jurnal.prismasejahtera.com/index.php/darmacendekia/index,-,2963-167X,Penelitian,Pendidikan,S5,2022 - 2026,blm_scopus,-,-,"Tasikmalaya, Jawa Barat"
236,Jurnal Jarkom,JARKOM,https://ejournal.akprind.ac.id/index.php/jarkom/index,-,2338-6312,Penelitian,Informatika Komputer,S5,2022 - 2027,blm_scopus,-,Universitas Akprind Indonesia,"Solo, Jawa Tengah"
237,Jurnal Farmasindo: Jurnal Penelitian dan Pengabdian Masyarakat,FARMASINDO,https://farmasindo.poltekindonusa.ac.id/index.php/jurnal_farmasindo,2548-6667,2775-9032,Pengabdian,Farmasi,S5,2022 - 2027,blm_scopus,-,Politeknik Indonusa Surakarta,"Kupang, Nusa Tenggara Timur"
238,Arthavidya: Jurnal Ilmiah Ekonomi Universitas Wisnuwardhana Malang,ARTHAVIDYA,http://arthavidya.wisnuwardhana.ac.id/index.php/arthavidya,1410-8755,2579-6070,Penelitian,Ekonomi,S5,2021 - 2026,blm_scopus,-,Arthavidya: Jurnal Ilmiah Ekonomi Universitas Wisnuwardhana Malang,"Medan, Sumatera Utara"
239,Jurnal IPTEK Bagi Masyarakat,JIPTEK,https://journal.aira.or.id/index.php/j-ibm,2807-7261,2807-7253,Penelitian,Teknologi Informasi,S5,2021 - 2026,blm_scopus,-,Ali Institute Of Research And Publication,"Yogyakarta, DI Yogyakarta"
240,Setawar Abdimas,SETAWAR,https://jurnal.umb.ac.id/index.php/Setawar,2809-5626,2809-5618,Penelitian,Sosial & Politik,S5,2022 - 2027,blm_scopus,-,"Program Studi Pendidikan Biologi, Fakultas Keguruan dan Ilmu Pendidikan, Universitas Muhammadiyah Bengkulu","Padang, Sumatera Barat"
241,Surakarta Management Journal,SMJ,http://ejournal.unsa.ac.id/index.php/smj,-,2715-4637,Penelitian,Manajemen,S5,2020 - 2028,blm_scopus,-,Universitas Surakarta,"Sidoarjo, Jawa Timur"
242,Jurnal Sains dan Teknologi Informasi,JSTI,https://ejurnal.seminar-id.com/index.php/jussi,-,2809-610X,Penelitian,Informatika Komputer,S5,2022 - 2027,blm_scopus,-,Kombinasi Metode Addie dan Cbl Dalam Merancang Aplikasi Pembelajaran Kimia pada Sekolah Menengah Atas,"Cirebon, Jawa Barat"
243,JURNAL STUDIA KOMUNIKA,JSK,https://ojs.stisipolp12.ac.id/index.php/jik,2747-2892,2747-2892,Penelitian,Komunikasi,S5,2019 - 2028,blm_scopus,-,Sekolah Tinggi Ilmu Sosial dan Ilmu Politik Pahlawan 12,"Salatiga, Jawa Tengah"
244,Jurnal Akuntansi Muhammadiyah,JAMU,http://ejournal.unmuha.ac.id/index.php/JAM,2087-9776,2715-3134,Penelitian,Akuntansi,S5,2019 - 2087,blm_scopus,-,Universitas Muhammadiyah Aceh,"Yogyakarta, DI Yogyakarta"
245,Journal De Facto,DEFACTO,http://jurnal.pascasarjana.uniba-bpn.ac.id/index.php/jurnaldefacto,2356-1913,2655-8408,Penelitian,Hukum,S5,2020 - 2025,blm_scopus,-,Pascasarjana Magister Ilmu Hukum Universitas Balikpapan,"Bogor, Jawa Barat"
246,Journal of Math Tadris (jMt),JMT,https://jurnal.jurmat.com/index.php/jmt,2776-1533,2776-0316,Penelitian,Matematika,S5,2021 - 2025,blm_scopus,-,Universitas Islam Negeri Mataram,"Pekanbaru, Riau"
247,JiTEKH (Jurnal Ilmiah Teknologi Harapan),JITEKH,https://jurnal.harapan.ac.id/index.php/Jitekh,2338-5677,2549-6646,Penelitian,Teknologi Informasi,S5,2021 - 2025,blm_scopus,-,Universitas Harapan Medan,"Surabaya, Jawa Timur"
248,Embrio Pendidikan: Jurnal Pendidikan Dasar,EMBRIO,https://www.journalfkipuniversitasbosowa.org/index.php/embriopendidikan,2528-357X,2961-8495,Penelitian,Pendidikan,S5,2022 - 2027,blm_scopus,-,Universitas Bosowa,"Probolinggo, Jawa Timur"
249,PEDULI: Jurnal Imiah Pengabdian Pada Masyarakat,PEDULI,http://peduli.wisnuwardhana.ac.id/index.php/peduli,2597-4653,2597-4688,Penelitian,Sosial Budaya,S5,2018 - 2026,blm_scopus,-,Lembaga Penelitian dan Pengabdian Kepada Masyarakat,"Tegal, Jawa Tengah"
250,MURAI: Jurnal Papua Teologi Kontekstual,MURAI,http://ojs.stftkijne.ac.id/index.php/jmp,2721-0200,2746-4814,Pengabdian,Agama,S5,2023 - 2027,blm_scopus,-,Sekolah Tinggi Filsafat Teologi Gki Isaak Samuel Kijne Jayapura,"Jambi, Jambi"
251,Jurnal Ilmu Komputer dan Teknologi (IKOMTI),IKOMTI,https://ejournal.uhb.ac.id/index.php/IKOMTI,2746-4237,2746-4237,Penelitian,Teknologi Informasi,S5,2020 - 2025,blm_scopus,-,Universitas Harapan Bangsa,"Depok, Jawa Barat"
252,AL-ULUM: JURNAL SAINS DAN TEKNOLOGI,AL-ULUM,https://ojs.uniska-bjm.ac.id/index.php/JST,-,2477-4731,Penelitian,Sciene,S5,2018 - 2025,blm_scopus,-,Universitas Islam Kalimantan Muhammad Arsyad Al Banjari,"Jambi, Jambi"
253,Jurnal of Applied Business and Banking (JABB),JABB,https://journal.ummat.ac.id/index.php/JABB,2775-622X,2723-634X,Penelitian,Bisnis,S5,2021 - 2025,blm_scopus,-,Universitas Muhammadiyah Mataram,"Madiun, Jawa Timur"
254,BAKIRA: Jurnal Pengabdian Kepada Masyarakat,BAKIRA,https://ojs3.unpatti.ac.id/index.php/bakira,-,2746-1777,Pengabdian,Sosial & Politik,S5,2022 - 2026,blm_scopus,-,Universitas Pattimura,"Tasikmalaya, Jawa Barat"
255,Jurnal Teknologi Kimia Mineral,JTKM,https://journal.atim.ac.id/index.php/jtkm,2829-923X,2829-923X,Penelitian,Kimia,S5,2022 - 2027,blm_scopus,-,Politeknik Ati Makassar,"Padang, Sumatera Barat"
256,"Jurnal Ilmu Pemerintahan, Administrasi Publik, dan Ilmu Komunikasi (JIPIKOM)",JIPIKOM,http://jurnalmahasiswa.uma.ac.id/index.php/jipikom,-,2722-1148,Penelitian,Pemerintah,S5,2018 - 2027,blm_scopus,-,Universitas Medan Area,"Bandung, Jawa Barat"
257,TAQNIN: Jurnal Syariah dan Hukum,TAQNIN,http://jurnal.uinsu.ac.id/index.php/taqnin,-,2685-399X,Penelitian,Hukum,S5,2019 - 2027,blm_scopus,-,Universitas Islam Negeri Sumatera Utara,"Kudus, Jawa Tengah"
258,AGRISAINS: Jurnal Ilmiah Magister Agribisnis,AGRISAINS,http://jurnalmahasiswa.uma.ac.id/index.php/agrisains/index,-,2722-9785,Penelitian,Pertanian,S5,2020 - 2025,blm_scopus,-,Universitas Medan Area,"Tegal, Jawa Tengah"
259,Jurnal Genta Kebidanan,GENTA,https://ejournal.politeknikkesehatankartinibali.ac.id/index.php/JGK,2301-4296,2541-0695,Penelitian,Kebidanan,S5,2020 - 2024,blm_scopus,-,Politeknik Kesehatan Kartini Bali,"Pontianak, Kalimantan Barat"
260,AUSTENIT,AUSTENIT,https://jurnal.polsri.ac.id/index.php/austenit,2085-1286,2622-7649,Penelitian,Teknik Mesin,S5,2019 - 2085,blm_scopus,-,Politeknik Negeri Sriwijaya,"Padang, Sumatera Barat"
261,Jurnal Panrita,PANRITA,https://journal.umpalopo.ac.id/index.php/panrita,2774-6674,2774-6666,Penelitian,Pendidikan,S5,2021 - 2026,blm_scopus,-,Universitas Muhammadiyah Palopo,"Samarinda, Kalimantan Timur"
262,Jurnal Farmanesia,FARMANESIA,http://e-journal.sari-mutiara.ac.id/index.php/2,-,2528-2484,Penelitian,Farmasi,S5,2022 - 2026,blm_scopus,-,Universitas Sari Mutiara Indonesia Medan,"Pontianak, Kalimantan Barat"
263,Jurnal ICT : Information and Communication Technologies,ICT,https://ejournal.marqchainstitute.or.id/index.php/JICT,2086-7867,2808-9170,Penelitian,Teknologi Informasi,S5,2021 - 2086,blm_scopus,-,Marq & Cha Institute,"Lampung, Lampung"
264,eMBeJi : Manajemen dan Bisnis Jurnal,eMBeJi,http://mbj.wisnuwardhana.ac.id/index.php/mbj,-,2528-6668,Penelitian,Manajemen,S5,2018 - 2025,blm_scopus,-,Universitas Wisnuwardhana Malang,"Magelang, Jawa Tengah"
265,JURMA : Jurnal Program Mahasiswa Kreatif,JURMA,http://pkm.uika-bogor.ac.id/index.php/pkm-p,2614-8188,2615-8019,Pengabdian,Pendidikan,S5,2018 - 2027,blm_scopus,-,Role Media Social And Good Corporate Governance (gcg) To Management Zakat At The Institution Baitul Mall Aceh (bma),"Palu, Sulawesi Tengah"
266,Jurnal Pranata Hukum,JPH,http://jurnalpranata.ubl.ac.id/index.php/pranatahukum,1907-560X,2685-3213,Penelitian,Hukum,S5,2019 - 2026,blm_scopus,-,Universitas Bandar Lampung,"Tangerang, Banten"
267,JMLS: Journal of Medical Laboratory and Science,JMLS,https://jurnal.poltekkespalembang.ac.id/index.php/jmls,-,2829-1158,Penelitian,Kesehatan,S5,2021 - 2086,blm_scopus,-,Poltekkes Kemenkes Palembang,"Pekalongan, Jawa Tengah"
268,Al Burhan: Jurnal Kajian Ilmu dan Pengembangan Budaya Al-Quran,AL BURHAN,https://journal.ptiq.ac.id/index.php/alburhan,0853-8603,2685-0087,Penelitian,Islam,S5,2020 - 2025,blm_scopus,-,Universitas Ptiq Jakarta,"Samarinda, Kalimantan Timur"
269,Jurnal Strategi Desain dan Inovasi Sosial,JSDIS,https://ojs.uph.edu/index.php/JSDIS,2715-2898,2715-5129,Penelitian,Seni,S5,2019 - 2025,blm_scopus,-,Universitas Pelita Harapan,"Lampung, Lampung"
270,Mitra Akademia: Jurnal Pengabdian Masyarakat,MITRA,http://jurnal.pnj.ac.id/index.php/mak,2657-2109,2684-8422,Pengabdian,Sosial & Politik,S5,2020 - 2025,blm_scopus,-,Mitra Akademia: Jurnal Pengabdian Masyarakat,"Palu, Sulawesi Tengah"
271,LEXEME: Journal of Linguistics and Applied Linguistics,LEXEME,http://openjournal.unpam.ac.id/index.php/LJLAL,2685-7995,2656-7067,Penelitian,Bahasa,S5,2019 - 2026,blm_scopus,-,Universitas Pamulang,"Palembang, Sumatera Selatan"
272,Jurnal Penalaran dan Riset Matematika,JPRM,https://journal.almeeraeducation.id/prisma,2961-8134,2962-4150,Penelitian,Matematika,S5,2022 - 2026,blm_scopus,-,-,"Semarang, Jawa Tengah"
273,Dharma Pendidikan,DP,https://journal.stkipnganjuk.ac.id/index.php/jdp,1907-2813,2829-0267,Penelitian,Pendidikan,S5,2022 - 2027,blm_scopus,-,STKIP Pgri Nganjuk,"Pekanbaru, Riau"
274,DIKBASTRA,DIKBASTRA,https://online-journal.unja.ac.id/dikbastra,-,2621-1424,Penelitian,Sastra Indonesia,S5,2022 - 2027,blm_scopus,-,Universitas Jambi,"Surabaya, Jawa Timur"
275,Jurnal Kreatif Online,JKO,https://jurnal.fkip.untad.ac.id/index.php/jko,-,2354-614X,Penelitian,Pendidikan,S5,2017 - 2023,blm_scopus,-,Universitas Tadulako,"Madiun, Jawa Timur"
276,Jurnal Mutiara Elektromedik,JME,http://e-journal.sari-mutiara.ac.id/index.php/Elektromedik,-,2614-7963,Penelitian,Kesehatan,S5,2014 - 2028,blm_scopus,-,Program Studi D-iii Teknik Elektromedik,"Probolinggo, Jawa Timur"
277,Jurnal Pengabdian Kepada Masyarakat Ungu ( Abdi Ke Ungu),JPKMU,https://journal.aisyahuniversity.ac.id/index.php/Abdi,2716-0912,2715-9558,Pengabdian,Sosial & Politik,S5,2022 - 2026,blm_scopus,-,Universitas Aisyah Pringsewu,"Pekalongan, Jawa Tengah"
278,Jurnal Nasional Holistic Science,JNHS,https://jurnal.larisma.or.id/index.php/HS,-,2798-7027,Penelitian,Kesehatan,S5,2021 - 2069,blm_scopus,-,Lembaga Riset Mutiara Akbar,"Manado, Sulawesi Utara"
279,Sasindo : Jurnal Pendidikan Bahasa dan Sastra Indonesia,SASINDO,http://journal.upgris.ac.id/index.php/sasindo,2337-4098,2614-6959,Penelitian,Sastra Indonesia,S5,2018 - 2026,blm_scopus,-,Universitas Pgri Semarang Sasindo : Jurnal Pendidikan Bahasa dan Sastra Indonesia,"Cirebon, Jawa Barat"
280,Jurnal Teknik Industri,JTI,https://journal.universitassuryadarma.ac.id/index.php/jtin,2302-2205,2808-7321,Penelitian,Industri,S5,2022 - 2026,blm_scopus,-,Universitas Dirgantara Marsekal Suryadarma,"Sidoarjo, Jawa Timur"
281,Jurnal Kimia Saintek dan Pendidikan,JKSP,http://e-journal.sari-mutiara.ac.id/index.php/KIMIA,-,2615-3378,Penelitian,Kimia,S5,2020 - 2028,blm_scopus,-,"Prodi Kimia Fakultas Sains, Teknologi, dan Informasi Universitas Sari Mutiara Indonesia","Tasikmalaya, Jawa Barat"
282,Jurnal Profesi Insinyur Universitas Lampung,JPIUL,http://jpi.eng.unila.ac.id/index.php/ojs,-,2722-5771,Penelitian,Teknik,S5,2020 - 2026,blm_scopus,-,Jurnal Profesi Insinyur Universitas Lampung,"Medan, Sumatera Utara"
283,Priviet Social Sciences Journal,PSSJ,https://journal.privietlab.org/index.php/PSSJ,2798-866X,2798-6314,Penelitian,Sosial & Politik,S5,2023 - 2028,blm_scopus,-,-,"Padang, Sumatera Barat"
284,Jurnal Ilmu Kebidanan,JIK,https://jurnalilmukebidanan.akbiduk.ac.id/index.php/jik,2407-6872,2579-4027,Penelitian,Kebidanan,S5,2021 - 2026,blm_scopus,-,Politeknik Kesehatan Ummi Khasanah,"Sidoarjo, Jawa Timur"
285,J-PEN Borneo : Jurnal Ilmu Pertanian,J-PEN,http://jurnal.borneo.ac.id/index.php/j-pen/index,2549-8150,2599-2872,Penelitian,Pertanian,S5,2020 - 2024,blm_scopus,-,Universitas Borneo Tarakan,"Kupang, Nusa Tenggara Timur"
286,Ar-Raihanah: Jurnal Pendidikan Islam Anak Usia Dini,AR-RAIHANAH,http://ejournal.stit-alkifayahriau.ac.id/index.php/arraihanah,2614-7831,2830-5868,Penelitian,Islam,S5,2022 - 2026,blm_scopus,-,Sekolah Tinggi Agama Islam Al-kifayah Riau,"Samarinda, Kalimantan Timur"
287,Sora Journal of Mathematics Education,SORA,https://ojs3.unpatti.ac.id/index.php/sora,2746-1599,2746-1602,Penelitian,Pendidikan,S5,2021 - 2025,blm_scopus,-,Universitas Pattimura,"Bekasi, Jawa Barat"
288,"Journal of Health, Education, Economics, Science, and Technology (J-HEST)",J-HEST,https://j-hest.web.id/index.php/2,-,2685-1792,Penelitian,Kesehatan,S5,2021 - 2026,blm_scopus,-,-,"Padang, Sumatera Barat"
289,Jurnal Kedokteran Ibnu Nafis,JKIN,https://jurnal.fk.uisu.ac.id/index.php/ibnunafis,2252-6870,2613-9359,Penelitian,Kedokteran,S5,2021 - 2025,blm_scopus,-,Universitas Islam Sumatera Utara,"Lampung, Lampung"
290,JEdu: Journal of English Education,JEDU,http://jim.unindra.ac.id/index.php/jedu,2798-5164,2798-6543,Penelitian,Sastra Inggris,S5,2009 - 2026,blm_scopus,-,Universitas Indraprasta Pgri,"Purwokerto, Jawa Tengah"
291,JURNAL AGROHITA,AGROHITA,http://jurnal.um-tapsel.ac.id/index.php/agrohita,2541-5956,2615-336X,Penelitian,Pertanian,S5,2018 - 2058,blm_scopus,-,Universitas Muhammadiyah Tapanuli Selatan,"Purwokerto, Jawa Tengah"
292,Jurnal Pembangunan Perikanan dan Agribisnis,JPPA,https://jppa-unmul.com/index.php/ojs,-,2829-9159,Penelitian,Perikanan,S5,2021 - 2026,blm_scopus,-,Universitas Mulawarman,"Samarinda, Kalimantan Timur"
293,Bahana Pendidikan: Jurnal Pendidikan Sains,BPS,https://e-journal.upr.ac.id/index.php/bpjps,2716-3431,2807-2154,Penelitian,Pendidikan,S5,2022 - 2027,blm_scopus,-,Universitas Palangka Raya,"Medan, Sumatera Utara"
294,Jurnal Ilmiah Farmasi Akademi Farmasi Jember,JIFAFJ,http://ejurnal.akademifarmasijember.ac.id/index.php/jurnal_ilmiah_farmasi,2503-4707,2615-756X,Penelitian,Farmasi,S5,2021 - 2025,blm_scopus,-,Jurnal Ilmiah Farmasi Akademi Farmasi Jember,"Padang, Sumatera Barat"
295,Kenanga : Journal of Biological sciences and Applied Biology,KENANGA,https://journal.ar-raniry.ac.id/index.php/kenanga,2797-3166,2776-9216,Penelitian,Biologi,S5,2021 - 2025,blm_scopus,-,Universitas Islam Negeri Ar-raniry Banda Aceh,"Denpasar, Bali"
296,LINGUISTIK : Jurnal Bahasa dan Sastra,LINGUISTIK,http://jurnal.um-tapsel.ac.id/index.php/Linguistik/issue/archive,2541-3775,2548-9402,Penelitian,Bahasa,S5,2018 - 2026,blm_scopus,-,Fkip Universitas Muhammadiyah Tapanuli Selatan,"Tangerang, Banten"
297,Jurnal Bhakti Karya dan Inovatif,JBKI,https://jurnalunibi.unibi.ac.id/ojs/index.php/BhaktiKaryadanInovatif,3025-2985,2775-5002,Pengabdian,Sosial & Politik,S5,2023 - 2027,blm_scopus,-,Universitas Informatika dan Bisnis Indonesia,"Lampung, Lampung"
298,Lantern: Journal of Language and Literature,LANTERN,https://e-journal.uniflor.ac.id/index.php/lantern,2502-5473,2808-0106,Penelitian,Bahasa,S5,2020 - 2027,blm_scopus,-,Universitas Flores,"Tangerang, Banten"
299,ejurnal imedtech,IMEDTECH,http://ejournal.citrabakti.ac.id/index.php/imedtech,-,2580-6033,Penelitian,Teknologi Informasi,S5,2014 - 2024,blm_scopus,-,STKIP Citra Bakti,"Pekalongan, Jawa Tengah"
300,Kalbisocio: Jurnal Bisnis dan Komunikasi,KALBISOCIO,http://ojs.kalbis.ac.id/index.php/kalbisocio,2356-4385,2829-1301,Penelitian,Bisnis,S5,2020 - 2026,blm_scopus,-,Universitas Kalbis,"Bekasi, Jawa Barat"
301,Journal orientasi bisnis dan entrepeneurship,JOBE,http://academicjournal.yarsi.ac.id/index.php/jobs,2722-7901,2722-7995,Penelitian,Bisnis,S5,2020 - 2025,blm_scopus,-,Universitas Yarsi,"Magelang, Jawa Tengah"
302,Jurnal Citrakara,CITRAKARA,http://publikasi.dinus.ac.id/index.php/citrakara,-,2807-7296,Penelitian,Seni,S5,2022 - 2027,blm_scopus,-,Universitas Dian Nuswantoro,"Pontianak, Kalimantan Barat"
303,Measurement In Educational Research,MIER,https://ejournal.ressi.id/index.php/meter,-,2776-7515,Penelitian,Pendidikan,S5,2021 - 2025,blm_scopus,-,Research And Social Study Institute,"Palu, Sulawesi Tengah"
304,Transmisi,TRANSMISI,https://jurnal.unmer.ac.id/index.php/jtmt/index,0216-3233,2580-2283,Penelitian,Elektro,S5,2020 - 2029,blm_scopus,-,Universitas Merdeka Malang,"Denpasar, Bali"
305,HIRARKI : Jurnal Ilmiah Manajemen Dan Bisnis,HIRARKI,http://journal.upp.ac.id/index.php/Hirarki,2684-9666,2684-8503,Penelitian,Manajemen,S5,2021 - 2025,blm_scopus,-,Universitas Pasir Pengaraian,"Depok, Jawa Barat"
306,Jurnal Agrotek Indonesia (Indonesian Journal of Agrotech),JAI,https://journal.unsika.ac.id/index.php/agrotek,-,2580-2747,Penelitian,Agroteknologi,S5,2017 - 2024,blm_scopus,-,Program Studi Agroteknologi Fakultas Pertanian Universitas Singaperbangsa Karawang,"Tangerang, Banten"
307,Ihyaussunnah : Journal of Ulumul Hadith and Living Sunnah,IHY,https://journal.uin-alauddin.ac.id/index.php/ihyaussunnah,2809-1787,2830-5108,Penelitian,Islam,S5,2021 - 2025,blm_scopus,-,Universitas Islam Negeri Alauddin Makassar,"Depok, Jawa Barat"
308,AutoMech : Jurnal Teknik Mesin,AUTOMECH,https://journal.umpo.ac.id/index.php/JTM,-,2809-9397,Penelitian,Teknik Mesin,S5,2022 - 2026,blm_scopus,-,Universitas Muhammadiyah Ponorogo,"Banjarmasin, Kalimantan Selatan"
309,Jurnal Bisnis Event,JBE,https://jurnal.pnj.ac.id/index.php/bis,-,2963-1971,Penelitian,Bisnis,S5,2021 - 2026,blm_scopus,-,Politeknik Negeri Jakarta,"Pekanbaru, Riau"
310,Jurnal Pengabdian Masyarakat (ABDIRA),ABDIRA,http://abdira.org/index.php/abdira,2798-0847,2798-4591,Pengabdian,Sosial & Politik,S5,2022 - 2027,blm_scopus,-,Universitas Pahlawan Tuanku Tambusai,"Makassar, Sulawesi Selatan"
